0,Drop Tower - Pluto (Drop Tower Remix).mp3
1,iris - Letter.mp3
2,Hey Oh.mp3
3,Let Me Love You.mp3
4,Kelly Sweet-We Are One.mp3
5,Aankhen Khuli.mp3
6,Crazy_Gnarls Barkley.flac
7,Jessie J;B.o.B-Price Tag.mp3
8,Every Little Thing (小事乐团)-Grip!.m4a
9,Various Artists-We Don't Talk Anymore.mp3
10,Diamonds_Rihanna.flac
11,Vika Jigulina - Desert Rain.mp3
12,Wild Dances_Ruslana.mp3
13,How Does It Feel (Extended Mix_DLMT.mp3
14,シシド・カフカ (SHISHIDO KAVKA)-明日を鳴らせ (奏响明天).m4a
15,"Gill Chang,Aviella - Real Life.mp3"
16,2002-Lady of the Moon.m4a
17,Charlie Puth - Attention.flac
18,Kesha - TiK ToK.mp3
19,OneRepublic-Counting Stars.mp3
20, Never Say Goodbye.mp3
21,"Snoop Dog,Dr. Dre - The Next Episode instrumental - 伴奏.mp3"
22,Grenade_Bruno Mars.flac
23,"Tyron Hapi,Mashd N Kutcher - We Could Be.mp3"
24,Unison (Knife Party Remix)_Porter Robinson.mp3
25,"Minneapolis Symphony Orchestra-Piano Concerto No. 2 in C Minor, Op. 18: I. Moderato (拉赫马尼诺夫：C小调第二钢琴协奏曲, 作品18：第一乐章 中板).m4a"
26,BEYOND-大地 (粤语).m4a
27,Felix Palmqvist Severo The Chainsmokers - Don't Say (Felix Palmqvist & Severo Remix).mp3
28,Sam Smith-I'm Not the Only One.mp3
29,lol (エルオーエル)-sync (同步).m4a
30,"Charlie Puth,Selena Gomez - We Don't Talk Anymore.mp3"
31,Mike Wit Brenda Be - Hold Me Now.mp3
32,Klingande - Pumped Up.mp3
33,Higher_Tobu.wav
34,The Pussycat Dolls - I Hate This Part.flac
35,GARNiDELiA (ガルニデリア)-grilletto.m4a
36,Deuter-Uno.m4a
37,Misha Mishenko - Vakning að elska.flac
38,Star Sky - Instrumental.mp3
39,Hunter.mp3
40,Music_Madonna.ape
41,The Lost Get Found (Acoustic)_Britt Nicole.mp3
42,Peter Hurford-Suite gothique: 4. Toccata (波尔曼：哥特组曲：第4首 托卡塔).m4a
43,P!nk;Nate Ruess-Just Give Me a Reason.mp3
44,Jiaye - Seven (Jiaye Reboot).flac
45,Phoebe Ryan - Dark Side.mp3
46,Infinity_Ahxello.mp3
47,SawanoHiroyuki[nZk] (泽野弘之)-Binary Star.m4a
48,Diana Vickers - Jumping Into Rivers.mp3
49,JULY.mp3
50,Frisbee.mp3
51,Remedios-Island.m4a
52,Gotta Go Home.mp3
53,Wolves_Selena Gomez.wav
54,Ludovico Einaudi - Nuvole Bianche.mp3
55,Goldmund - In A Notebook.mp3
56,OverHertz - Into The Embers.flac
57,Llewellyn-Moonlight.m4a
58,What Are Words_Chris Medina.mp3
59,Run Free_Deep Chills.wav
60,BEYOND-海阔天空.m4a
61,SAFIA - Over You.mp3
62,Find Me.mp3
63,R7CKY - 失波 (Lost Frequencis).flac
64,XX:me-トリカゴ (鸟笼).m4a
65,Monody.mp3
66,Deadmau5 - No Problem.flac
67,I Love You.mp3
68,Line Of Sight (feat WYNNE & Mansionair).mp3
69,Matthew Lien-静如止水.m4a
70,Martin Garrix Oliver Heldens - Animals (Oliver Heldens Remix).mp3
71,OMFG - Hello.mp3
72,July - My Soul.mp3
73,No Promises.mp3
74,Burning.mp3
75,Money Honey_Lady Gaga.ape
76,David Garrett - Viva La Vida.mp3
77,S9ryne - Maxi poi☆poi poi poi！.mp3
78,Cold Water .mp3
79,Jewel-Stay Here Forever.mp3
80,Charlie Puth-One Call Away.mp3
81,supercell-君の知らない物語 (你不知道的故事).m4a
82,One More Night_Various Artists.mp3
83,I'm Gonna Getcha Good! (Red Al_Shania Twain.flac
84,로맨틱치즈 (Romantic cheese)-A little secret.m4a
85,さユり (Sayuri)-平行線 (平行线).m4a
86,Streex Micky Blue VINAI - Stand By Me.mp3
87,Mark Pride - River Flows In You (Original Mix).mp3
88,i hate u i love u_gnash.mp3
89,Robert Haigh - Clear Water.mp3
90,"Lost Kings,Sabrina Carpenter - First Love.mp3"
91,Heartbeat_音乐热搜.mp3
92,FLOW (フロウ)-Howling.m4a
93,JC陈泳彤-说散就散 (Live).m4a
94,Change.mp3
95,F4-流星雨.m4a
96,Kevin Rowe-The Waiting.mp3
97,"Jay-Z,Alicia Keys - Empire State Of Mind.mp3"
98,We Can't Stop (Radio Edit)_Various Artists.mp3
99,Love You Like a Love Song_Selena Gomez & The Scene.mp3
100,Fort Minor - Remember The Name (Instrumental) - instrumental.mp3
101,Sappheiros - Memories.mp3
102,Telephone _Lady Gaga.flac
103,Kraffa - Ther.mp3
104,OneRepublic - Counting Stars.flac
105,Hall of Fame.mp3
106,Phone Down.mp3
107,Anima - You Are Truth.mp3
108,BEYOND-喜欢你.m4a
109,Snigellin - Good Night.mp3
110,D1ofaquavibe - The Party Troll.mp3
111,Rameses B - Spirit Walk.flac
112,Despacito (Remix).mp3
113,Martin Mittone - Lunara.flac
114,Rameses B - Every Cloud.flac
115,V.K克 - 镜夜.mp3
116,Roger Woodward-The Quiet Garden (本杰明：宁静的花园).m4a
117,Tomorrow.mp3
118,aiko (あいこ)-恋をしたのは (关于恋爱的事).m4a
119,Springloll - Beautiful Day.mp3
120,Lovestoned-Bye Bye Bye.mp3
121,Five Hours.mp3
122,The Deysion - Perfect Day feat. R.I.B.mp3
123,Studio Allstars - Never Had A Dream Come True.mp3
124,"Eminem,Rihanna - Love The Way You Lie.mp3"
125,TheFatRat - Xenogenesis (Original Mix).mp3
126,Alive.mp3
127,sweet ARMS-Trust in you (相信你).m4a
128,Take It Off_Kesha.flac
129,Hello.mp3
130,Mayer Hawthorne - Designer Drug.mp3
131,"Leonard Slatkin-Sergei Rachmaninoff: Symphony No. 2 in E minor, Op. 27 - III. Adagio.m4a"
132,David Arkenstone-Storm On The Meadow.m4a
133,Nigel Stanford - Cymatics.mp3
134,Study Exam Music-Aquatic Embrace.m4a
135,Nyte - Pluto.mp3
136,MYTH & ROID-STYX HELIX.m4a
137,Killigrew - Coming Home.flac
138,"Streex,Micky Blue,VINAI - Stand By Me.flac"
139,Dia Frampton;Kid Cudi-Don't kick the chair.mp3
140,DJ Maxwell - It's Ok.mp3
141,Stuttering.mp3
142,Vexento - Lonely Dance.mp3
143,Lindsey Stirling - Senbonzakura [SS-Extended+Bass].mp3
144,Deadmau5 - Imaginary Friends.flac
145,Two Steps From Hell - Compass.flac
146,Tycho - A Walk.mp3
147,Rameses B - Night Sky.flac
148,Medwyn Goodall-Farewell To The Darkness.m4a
149,Moving On.mp3
150,Taylor Swift - Last Christmas.mp3
151,Deadmau5 - This Noise (Deeper Logic Mix).flac
152,Cre-sc3NT - Relentless【WhiteRose】[RWBY doujin remix].mp3
153,Who Let the Dogs Out_Baha Men.mp3
154,"Lindequist,Exlau - Phrases.mp3"
155,Enzalla - Fireflies.mp3
156,Clumsy_Fergie.ape
157,Feels.mp3
158,Julia Sheer - You Will Never Be.mp3
159,Ólafur Arnalds-re:member.m4a
160,7년간의 사랑.mp3
161,Deadmau5 - Digitol.flac
162,다혜-Warehouse of Past Memory (지나간 기억의 창고).m4a
163,Bourbon Street 2015_Lensko.mp3
164,Swish Swish.mp3
165,Dirk Reichardt - When The Light Comes.flac
166,Never Be Like You.mp3
167,DVBBS CMC$ Gia Koka - Not Going Home.flac
168,Thomas Greenberg - Easy Breeze.mp3
169,Holly Throsby-We Are Good People But Why Don't We Show It.mp3
170,Uptown Funk_Various Artists.mp3
171,BEYOND-真的爱你.m4a
172,Shotgun Senorita_Blue Stahli.wav
173,Starships_Various Artists.mp3
174,SawanoHiroyuki[nZk] (泽野弘之)-aLIEz.m4a
175,Do You-_TroyBoi.mp3
176,Panama.mp3
177,The Tumbled Sea-Summer V.m4a
178,"Olivier Charlier-Violin concerto No. 3 in G major, K. 216: II. Adagio (G大调第3号小提琴协奏曲，作品216：第二乐章 柔板).m4a"
179,So Hot.mp3
180,Timber_Pitbull.ape
181,Sunset Lover.mp3
182,Nicholas Gunn-Entering Twin Falls.m4a
183,Frisbee_Ahxello.mp3
184,"Vief,Maidden - Visions.mp3"
185,David Arkenstone-Swirling Pools.m4a
186,"Dr. Dre,Snoop Dogg - The Next Episode.mp3"
187,Shakira - She Wolf.mp3
188,It Won't Kill Ya.mp3
189,"Does It Offend You, Yeah？ - All The Same.mp3"
190,Never Lost - 湘楚.mp3
191,Damn Mummy_音乐热搜.wav
192,Ryan Farish - Fireflies.mp3
193,Valcos - High Spirits.mp3
194,로맨틱치즈 (Romantic cheese)-The Café where love lives.m4a
195,"Claudio Arrau-12 Etudes, Op. 10 - No. 11 in E-Flat Major (12首练习曲，作品10 - 第11首降E大调) (1987 Remastered Version).m4a"
196,Maire Brennan-Whisper To The Wild Water (LP版).m4a
197,TRXD Emilie Adams - Our City.mp3
198,Please Don't Go.mp3
199,Dustin O'Halloran - Opus 37.mp3
200,"Marie-Claire Alain-Deuxième fantaisie, JA 117.m4a"
201,Lisa Mitchell - Neopolitan Dreams.mp3
202,Get Low.mp3
203,Setting Fires.mp3
204,G.E.M. 邓紫棋-喜欢你.m4a
205,Deadmau5 - Assorted (Original Mix).flac
206,Westlife - Home.mp3
207,"Claudio Abbado-Romeo and Juliet, Op. 64 - Balcony Scene (罗密欧与朱丽叶，作品64 - 阳台场景).m4a"
208,Instruction.mp3
209,Vancouver Sleep Clinic - Flaws.flac
210,Frank_Jiang - Aqua.flac
211,Rude Boy_Rihanna.flac
212,Purity Ring - flood on the floor.flac
213,S.E.N.S. - Aphrodite.mp3
214,Brian Crain-The Edge Of A Petal.m4a
215,Intro: The Dawn.mp3
216,Andromeda.mp3
217,Hands_Mike Perry.mp3
218,Tired_Alan Walker.wav
219,Heatstroke.mp3
220,"Martin Mittone,Rameses B - Take Me (Rameses B Remix).mp3"
221,Nothing In The World.mp3
222,Sweet Latte-토끼를 사랑하는 꼬마소녀 (爱兔子的小女孩).m4a
223,Night of Knights.mp3
224,Lindsey Stirling - Ascendance.flac
225,Lindsey Stirling - Take Flight.flac
226,Fractures_ILLENIUM.wav
227,G.E.M. 邓紫棋-泡沫 (Live).m4a
228,Sunny Day Service - 白い恋人.mp3
229,WRLD - Triumph.mp3
230,Painless Destiny-Without You I Am Dying.m4a
231,Perfect_Ed Sheeran.wav
232,Infectious.mp3
233,Janji - Horizon.mp3
234,Whethan Ashe - Can't Hide.mp3
235,stereopony (ステレオポニー)-ツキアカリのミチシルベ (月光的指引).m4a
236,CMA - Life Goes On.flac
237,Brian Eno-Deep Blue Day (2005 Digital Remaster).m4a
238,See You Again.mp3
239,I'm Sorry.mp3
240,DON'T PUSH ME.mp3
241,"Thunse,CooZoc - 德化.flac"
242,Ken Arai - BLISS.flac
243,"Andrea Oliva-Johann Sebastian Bach: Sonata in E flat major, BWV1031 - 2. Siciliano.m4a"
244,Dreamin'_Damien Lauretta.mp3
245,"The Pussycat Dolls,R. Kelly,Polow Da Don - Out Of This Club.mp3"
246,"리디아 백 (Lydia Paek)-EYES, NOSE, LIPS (눈, 코, 입).m4a"
247,DJ Okawari - Flower Dance.mp3
248,Kondor - Encouragment.mp3
249,Green Day - Boulevard Of Broken Dreams.mp3
250,Jeremy Lim - Into Ether (Original Mix).mp3
251,Ahrix - Nova.mp3
252,Ólafur Arnalds - Þau hafa sloppið undan þunga myrkursins.mp3
253,"Moments With You - Once You've Met Someone, You Never Really Forget Them.mp3"
254,James Blunt - You're Beautiful.mp3
255,Lightscape - Cold (Original Mix).mp3
256,Because of You.mp3
257,Emancipator - Good Knight.mp3
258,Show Me Your Bba Sae_DJ Hanmin.mp3
259,Emilia-Big Big World  .mp3
260,Ritual (Original Mix).mp3
261,WANDS-世界が終るまでは… (直到世界尽头).m4a
262,Kari Kimmel-Fingerprints.mp3
263,"Justin Timberlake,Black Eyed Peas - Where Is The Love？.mp3"
264,Tamar Braxton - The One.mp3
265,Wake Up Where You Are_State of Sound.mp3
266,Nick Lachey - I Can't Hate You Anymore - Main Version.mp3
267,Rockabye.mp3
268,Love$ick.mp3
269,La Vita-Tao garden.m4a
270,Extreme (Original Mix)_KSHMR.mp3
271,Undress Rehearsal_Timeflies.mp3
272,Deuter-Sea And Silence.m4a
273,Wolves.mp3
274,"Daniel Barenboim-Nocturne No. 4 in F Major, Op. 15 No. 1 (F大调第4号夜曲，作品15之1).m4a"
275,Flashlight (Original Mix)_R3hab.mp3
276,빠빠빠(Bar Bar Bar).mp3
277,John Legend - All of Me.mp3
278,Sean Houston - Staring At My Journey.mp3
279,Otokaze - 夏恋.mp3
280,Rollin.mp3
281,Kattrina_Fly Project.wav
282,Enya-Only Time.m4a
283,Freaks (Radio Edit).mp3
284,Xyron - Our Destiny Lies Above Us (Xyron Remix).mp3
285,This Is What You Came For .mp3
286,Just Dance_Various Artists.flac
287,THEATRE BROOK-裏切りの夕焼け (背叛的晚霞).m4a
288,Now Or Never_Jodie Connor.mp3
289,Sia;Sean Paul-Cheap Thrills.mp3
290,Someone Like You_Adele.mp3
291,Whistle_Various Artists.mp3
292,Ethereal Pilgrim-Breath underwater.m4a
293,Kate Havnevik-Think Again.mp3
294,Piano Master - Eastern Island.mp3
295,gnash;Olivia O'Brien-i hate u i love u.mp3
296,운명.mp3
297,"Steerner,Martell - Sun.flac"
298,Jean Michel Jarre - Rendez-Vous 4.mp3
299,Seve (Radio Edit)_Various Artists.mp3
300,V.A. - 힐러.mp3
301,Anywhere I Go (Original Mix)_Vicetone.mp3
302,Jacques Lancelot-Mozart : Clarinet Concerto in A major K622 : II Adagio.m4a
303,GONTITI (ゴンチチ)-歩いても　歩いても.m4a
304,Chasjam - Zippo.flac
305,"Wilhelm Kempff-Herz und Mund und Tat und Leben, Cantata BWV 147 - Jesu, Joy of Man's Desiring (Arr. For Piano By Wilhelm Kempff).m4a"
306,nadiak - Hide.mp3
307,No Roots_Alice Merton.mp3
308,Survivor_Destiny's Child.mp3
309,Léopold Stokowski-Little' Fugue in G minor BWV578 (1997 Digital Remaster).m4a
310,SawanoHiroyuki[nZk] (泽野弘之)-narrative.m4a
311,"Ed Sheeran,Beyoncé - Perfect Duet (with Beyoncé).flac"
312,Corey Gray-Where We're Going.mp3
313,Jo Blankenburg - Villanelle.flac
314,Sakuzyo - Kronos.mp3
315,Jacoo - Breathe.mp3
316,Dynamite.mp3
317,Super Girl.mp3
318,"LJY,Cyan Lpegd - Wind （風）.flac"
319,"Chelsea Cutler,Sondr - Wake Up (Sondr Remix).mp3"
320,Diana Vickers - Four Leaf Clover.mp3
321,"Natio,CLAW$ - Endless.mp3"
322,"Marie-Claire Alain-Ich ruf zu dir, Herr Jesu Christ, BWV 639.m4a"
323,RQTN-She Left Me When I Was On The Battlefield.m4a
324,Brian Crain-Peacefulness.m4a
325,Taylor Thrash - Slippin.mp3
326,BAAD (バード)-君が好きだと叫びたい (好想大声说爱你).m4a
327,London Bridge_Fergie.flac
328,5mg-Rainy Mood.m4a
329,"Deadmau5,Chris James - The Veldt (8 Minute Edit).flac"
330,Dexter Britain - Summit.mp3
331,"R3hab,Rynn - Talking to You.flac"
332,Stormcoming - 孤山(Original Mix).flac
333,Ngẫu Hứng_Hoaprox.mp3
334,October - Time To Love.mp3
335,와.mp3
336,Vance Joy - Riptide.flac
337,I Am You.mp3
338,Believer.mp3
339,God Is a Girl.mp3
340,For The Win.mp3
341,Dia Frampton - Walk Away - Album Version.mp3
342,Jon Schmidt-Süsser de Glocken.m4a
343,Legends Never Die.mp3
344,Es rappelt im Karton.mp3
345,"Jan Van Landeghem-Prelude and Fugue in A Minor, BWV 543.m4a"
346,Loote - Outta My Head.mp3
347,Guck Sie Dir An.mp3
348,SPYAIR-サムライハート(Some Like It Hot!!) (武士之心(Some Like It Hot!!)).m4a
349,We Don't Talk Anymore.mp3
350,Cre-sc3NT - Rain.mp3
351,Passenger-Holes.mp3
352,"Jon Schmidt,Steven Sharp Nelson - Michael Meets Mozart - 1 Piano, 2 Guys, 100 Cello Tracks.mp3"
353,The Cinematic Orchestra - Arrival Of The Birds.mp3
354,CHiCO with HoneyWorks-プライド革命 (自尊心革命).m4a
355,Tom Day - Flemington.mp3
356,Taylor Swift - Tied Together With A Smile.mp3
357,Marc May SuzanaJ - When it's all over.mp3
358,"Senpai,Kondor - Tomorrow With You.mp3"
359,DJ Soviet - Blosslom.mp3
360,China-X.mp3
361,Why.mp3
362,Shirfine - Illusionary Daytime.mp3
363,Cloud 9.mp3
364,Patrick Sheridan-Andante Cantabile.m4a
365,Philter - Battle Scars.mp3
366,Jason Mraz - I'm Yours.mp3
367,Hope (Original Mix).mp3
368,"Charlie Puth,Meghan Trainor - Marvin Gaye.mp3"
369,The Next Episode (San Holo Rem_San Holo.mp3
370,"Marie Claire Alain-Chorale Prelude, BWV 711 ""Allein Gott in der Höh' sei Ehr"" (众赞前奏曲，作品711“上帝独自一人是荣誉”).m4a"
371,Falling.mp3
372,Faking It.mp3
373,La Camisa Negra.mp3
374,Nevada (feat Cozi Zuehlsdorff).mp3
375,Fumio-Back To Nature.m4a
376,hearts grow-ユラユラ (摇曳).m4a
377,Superman.mp3
378,Lightscape - Recollection.mp3
379,Shape Of You (NOTD Remix)_NOTD.wav
380,Numb.mp3
381,Emmanuel Pahud-III. Adagio (第三乐章 柔板).m4a
382,Roald Velden - Sunset Over Emst (Original Mix).mp3
383,"Gareth Emery,London Thor,Diviners - Hands (Diviners Remix).mp3"
384,Wilhelm Kempff-Orfeo ed Euridice - La Plainte d'Orphée (奥菲欧与尤丽迪丝 - 奥菲斯的投诉).m4a
385,Rameses B - Memoirs.flac
386,Andy.mp3
387,Kevin Kern-After the Rain.m4a
388,Xeuphoria - Union.mp3
389,Love On Me.mp3
390,Kate Havnevik-SoLo.mp3
391,Dream It Possible.mp3
392,"Leif Ove Andsnes-13 Pieces for Piano, Op. 76:  Elegiaco, No. 10.m4a"
393,Ellie Goulding-Love Me Like You Do.mp3
394,Rameses B - A New Start.flac
395,Soulostar - Rainy Day Reminiscence.mp3
396,High歌.mp3
397,そばにいるね.mp3
398,"Yann Tiersen - Comptine D'un Autre Été, L'après-Midi.mp3"
399,Hear Me Now.mp3
400,Guardians_Au5.wav
401,"Scott Bradley - Touche, Pussy Cat!＊ (1954, Tom and Jerry).mp3"
402,Crossfire_Stephen.mp3
403,The Chainsmokers;Coldplay-Something Just Like This.mp3
404,GEMINI - Cloud 9.mp3
405,TrySail-adrenaline!!!.m4a
406,Florian Bur - Living.flac
407,Diana Vickers - The Boy Who Murdered Love.mp3
408,"London Philharmonic Orchestra-Serenade for Strings in E Major, Op. 22: IV. Larghetto (马塞洛：E大调弦乐小夜曲，作品22：第四乐章 小广板).m4a"
409,Evocativ - The Lovers.flac
410,BoA (宝儿)-Every Heart-ミンナノキモチ-.m4a
411,Jasmine Sokko-#0000FF (Live).m4a
412,"Nega music project - There, where spring.mp3"
413,Luigi Rubino - Before Love.mp3
414,Electra Heart_Marina and the Diamonds.mp3
415,Skylar Grey-Coming Home.mp3
416,Deadmau5 - 4ware.flac
417,BKAYE machineheart - Stonecold (BKAYE Remix).mp3
418,John Mayer - Who Says.mp3
419,RABPIT - SAIKA.flac
420,Anan Ryoko - Refrain.flac
421,Evolving_Ahrix.mp3
422,That Girl.mp3
423,Look At Me Now_Chris Brown.mp3
424,"Caroline Pennell,JordanXL - Lovesick (JordanXL Remix).mp3"
425,Halo_Beyoncé.flac
426,CZT-绝地重生.m4a
427,프라이머리-Happy Ending.m4a
428,NEXT TO YOU.mp3
429,"""O""-正反合.mp3"
430,"Glenn Gould-Goldberg Variations, BWV. 988 - Aria (哥德堡变奏曲，作品988 - 咏叹调).m4a"
431,San Holo - One Thing.mp3
432,Thomas Greenberg - The Right Path.mp3
433,"Eh, Eh (Nothing Else I Can Say_Lady Gaga.flac"
434,Joel Quarrington-Double Bass Concertino in C Minor (version of Double Bass Concerto No. 2 for double bass and strings) - II. Andante.m4a
435,Charlie Puth - How Long.flac
436,Noicybino - Anonymous.mp3
437,Fade_Adventure Club.mp3
438,Trouble.mp3
439,Wasted_Marian Hill.mp3
440,Daniel Powter - Free Loop.mp3
441,Silence.mp3
442,Friends (Rock Mafia & David Jo_Aura Dione.mp3
443,i hate u i love u.mp3
444,The Day You Went Away.mp3
445,"Martin Jensen,Loote - Wait.mp3"
446,Convex Kaizen Shinigami Kass - Bloom (CONVEX Remix).mp3
447,savior - we were a match made in hell.mp3
448,Sometimes When It Rains_Secret Garden.mp3
449,Martin Mittone - Horizon of Time.flac
450,Lifeline.mp3
451,"Mischa Maisky-Die schöne Müllerin, D.795 - 19. Der Müller und der Bach (第19首 磨工与小溪).m4a"
452,Jacoo - The Moments We Shared...I Miss Them.mp3
453,DEVIN K - Rendezvous.flac
454,Never Be Alone_TheFatRat.wav
455,Mama.mp3
456,Taylor Swift - Crazier.mp3
457,I'm Yours_Jason Mraz.flac
458,Counting Stars.mp3
459,Jeremy Lim - Uncharted (Original Mix).mp3
460,Prayers Up.mp3
461,BEYOND-冷雨夜.m4a
462,secret base ~君がくれたもの~ (10 years after Ver).mp3
463,Wish You Were Here_Lady Gaga.mp3
464,Green Day - Oh Love.mp3
465,AK - Discovery.mp3
466,ウルトラタワー (ULTRA TOWER)-希望の唄 (希望之歌).m4a
467,In Credo-Siesta del Sol(Laid Back Summer Cut).m4a
468,Shawn Mendes-Mercy.mp3
469,Grey SKOTT - Crime.mp3
470,Jackals And Vipers In Envy Of _Sixtoo.mp3
471,The Deysion - Perfect Day (feat. RIB).mp3
472,Run Up.mp3
473,Fabrizio Paterlini - Rue des Trois Frères.mp3
474,Thomas Trotter-Gounod: Funeral March of a Marionette (Marche funèbre d'une marionette).m4a
475,Eden's Bridge-Into The Light (Eden's Bridge 2002 Remixed And Remastered).m4a
476,Song Beneath The Song_Maria Taylor.mp3
477,Tony Anderson - The Father's Heart.mp3
478,Right Now (Na Na Na).mp3
479,DAOKO (ダヲコ)-打上花火.m4a
480,La La Land_Jax.mp3
481,Josh Vietti - Because of You.flac
482,Cre-sc3NT - EDGE.mp3
483,Ludovico Einaudi - Fly.mp3
484,Linkin Park - Leave Out All The Rest.flac
485,Smother_Daughter.mp3
486,Kory Burns - Count the Ways (Main Mix).mp3
487,Overwerk - Daybreak (GoPro HERO3 Edit).mp3
488,Aimer (エメ)-茜さす (夕晖).m4a
489,Wisp X - Nevermind.mp3
490,불꽃.mp3
491,Katy Perry - Hot N Cold.mp3
492,Deadmau5 - Snowcone.flac
493,Party Till We Die (Extended Mi_MAKJ.mp3
494,dodie - 时代在召唤(Dodie Mashup).mp3
495,Katy Chamber Chorus-In Dreams (在梦中).m4a
496,CMA - Lost Dreams (CMA & nExow).mp3
497,whoo - 星の寿命.mp3
498,Passenger;Birdy-Beautiful Birds.mp3
499,Imagine Dragons-Demons.mp3
500,TSAR - MYND.mp3
501,The Chainsmokers;Phoebe Ryan-All We Know.mp3
502,JiaoYanpears - 春.flac
503,Not Going Home.mp3
504,TRIPLANE (トライプレイン)-Dear friends (亲爱的朋友).m4a
505,Capo Productions - Real.mp3
506,Walking In the Sun (Defrix Remix).mp3
507,Taylor Swift - The Best Day.mp3
508,Here Comes The Rain Again_The Watson Twins.mp3
509,Higher Ground.mp3
510,J.T.Peterson - Tales of Neverland（inspiring).mp3
511,Poker Face.mp3
512,J.Fla (제이플라)-왜 (Why).m4a
513,Christopher - Told You So.mp3
514,Tobu - Legacy.mp3
515,Hayley Westenra-花.m4a
516,Dear Boy (Avicii by Avicii)_Avicii.mp3
517,Cycle - That Girl.mp3
518,Kozoro - Remember Me (Original Mix).mp3
519,Lover Boy 88.mp3
520,Shy Girl_Kedam.mp3
521,Moon Trance_Lindsey Stirling.mp3
522,Go Time_Network Music Ensemble.mp3
523,Nicholas Cheung - Only Wish.mp3
524,Madilyn Bailey-I Knew You Were Trouble.mp3
525,Wonderful U (Demo Version).mp3
526,"Royal Philharmonic Orchestra,David Garrett,Franck van der Heijden - They Don't Care About Us.mp3"
527,G.E.M. 邓紫棋-光年之外.m4a
528,Florian Bur - The Way.flac
529,"Vicetone,Cozi Zuehlsdorff - Nevada.flac"
530,"Grey,SKOTT - Crime.mp3"
531,Light My Body Up_Various Artists.mp3
532,"Martha Argerich-Mozart: 5 Variations in G Major for Piano 4-Hands, K. 501: I. Thema. Andante (Live).m4a"
533,See It Again_Loud Luxury.mp3
534,"G-Eazy,Kehlani - Good Life.flac"
535,Goodnight Moon.mp3
536,Roar_Various Artists.mp3
537,Alexandra Streliski - Prelude.mp3
538,Dan Gibson's Solitudes-Velvet Rain.m4a
539,2U.mp3
540,Nigel Stanford - Deep Space.mp3
541,Cuurley Sophia Fredskild - Go.mp3
542,Linkin Park - In The End.mp3
543,Higher.mp3
544,Noicybino - Tell me.mp3
545,BUMP OF CHICKEN (バンプ・オブ・チキン)-ファイター (FIGHTER).m4a
546,Who_Various Artists.mp3
547,More Than You Know.mp3
548,Tino Coury-Circles.mp3
549,Kelly Clarkson - Stronger (What Doesn't Kill You).mp3
550,Jason Wade-You Belong To Me.mp3
551,KEYTALK-桜花爛漫 (樱花烂漫).m4a
552,"Glenn Gould-Fantasia in C Minor for Piano, K. 475 (为钢琴而作的C小调幻想曲，作品475).m4a"
553,Christophe Lebled - Alpha.mp3
554,Brian the Sun (ブライアンザサン)-HEROES (英雄).m4a
555,In The Name Of Love.mp3
556,Dirk Leupolz - Illuminate.flac
557,Christina Perri - Be My Forever (feat. Ed Sheeran).mp3
558,Dvorak Chamber Orchestra-Concerto for Double Bass and Orchestra No. 1 in E flat major: III. Presto.m4a
559,Roys (ロイス)-Can't you say (你能说吗).m4a
560,Show You Love_KATO.mp3
561,Kareful - Lost.mp3
562,Loz Contreras - Sarajevo - Blackmill Remix.mp3
563,"Harriet Krijgh-3 Songs, Op. 7: No. 1. Après un rêve (arr. for cello and piano): 3 Songs, Op. 7: No. 1. Apres un reve (arr. for cello and piano).m4a"
564,Daybreak (GoPro HERO3 Edit)_Overwerk.mp3
565,Tired.mp3
566,Eric Serra-The Big Blue Overture.m4a
567,TFBOYS-宠爱.m4a
568,"The Chainsmokers,Coldplay - Something Just Like This.flac"
569,Lia (りあ)-Bravely You (勇敢的你).m4a
570,I Want You to Know_Zedd.mp3
571,Daniel Hope-Knickerbocker Holiday - September Song (Arr. By Paul Bateman).m4a
572,Lindequist - Zeemeeuw.mp3
573,Love Me Like You Do_Ellie Goulding(1).mp3
574,Fort Minor;Holly Brook;Jonah Matranga-Where'd You Go.mp3
575,Ours to Alibi - From Comas.mp3
576,A Different Way.mp3
577,U.mp3
578,운명의 장난.mp3
579,Girlfriend.mp3
580,Kesha - We R Who We R.mp3
581,얀키 (YANKIE)-Purple Night.m4a
582,Love The Way You Lie_Eminem.mp3
583,Give Me Everything_Various Artists.mp3
584,Creepin' Up On You.mp3
585,Lana Del Rey-Young & Beautiful.mp3
586,Roberto Cacciapaglia - Oceano.mp3
587,Purple Lamborghini.mp3
588,Taped Up Heart.mp3
589,"Lucas Grabeel,Ashley Tisdale - What I've Been Looking For.mp3"
590,"I'm Folle de Toi - In-Grid, Banks, C.mp3"
591,DCGO Marshmello - Hello（DCGO Flip）.mp3
592,"Justin Bieber,Ludacris - Baby.mp3"
593,Moves Like Jagger (Remix)_Maroon 5.mp3
594,Woodbridge-Nostalgic Things.m4a
595,Cry Wolf_Luna Shadows.mp3
596,Locked Out Of Heaven_Various Artists.mp3
597,Lucian Jasmine Sokko - Close to You.mp3
598,Vanessa Hudgens - When There Was Me And You.mp3
599,Chris Rene-Young Homie.mp3
600,Slide.mp3
601,Sensitive Heart (敏感的心)-琥珀色の海へ (前往琥珀色之海).m4a
602,"Jacqueline du Pré-Piano Trio No. 7 in B-Flat Major, Op. 97 ""Archduke"" - I. Allegro moderato (降B大调第7号钢琴三重奏，作品97“大公” - 第一乐章 有节制的快板) (1989 Remastered Version).m4a"
603,Hans Zimmer - Cornfield Chase.flac
604,Loote - High Without Your Love.mp3
605,Crazy in Love_Beyoncé.flac
606,"Fun.,Janelle Monáe - We Are Young.flac"
607,Jamie Grace - Every Bit of Lovely.mp3
608,MitiS - Endeavors.flac
609,Hihi Byebye.mp3
610,SunSet Swish (サンセット スウィッシュ)-モザイクカケラ (细工镶嵌的碎片).m4a
611,Solo Tu.mp3
612,Solo Dance.mp3
613,Scared To Be Lonely.mp3
614,"Orpheus Chamber Orchestra-Mozart: Horn Concerto No.2 In E Flat, K.417 - 2. Adagio.m4a"
615,Nilotpala - Дорога Перемен.mp3
616,"West Coast Massive,Cappa - Paper Stars.mp3"
617,"Larry Mullen Jr.,Adam Clayton - Theme from Mission： Impossible.mp3"
618,RISE.mp3
619,"Leif Ove Andsnes-Lyric Pieces, BK V Op. 54 Lyric Pieces Op.54 No. 3 March Of The Trolls (Troldtog).m4a"
620,Steven Sharp Nelson - The Cello Song.mp3
621,Lonely Together.mp3
622,Stay.mp3
623,Yakuro - Constellation Of Tatyana.mp3
624,"Justin Timberlake,Sander Kleinenberg - Rock Your Body (Sander Kleinenberg's Just In The Club Mix).mp3"
625,Take Me (Original Mix)_Nicky Romero.mp3
626,WEAVER-くちづけDiamond (亲吻Diamond).m4a
627,Gee.mp3
628,"Stadiumx,Baha,Markquis - Another Life (Radio Edit).mp3"
629,Sphericz - Christmas (Original Mix).mp3
630,John Dreamer - Rise - Epic Music.flac
631,"Gidon Kremer-Concerto for Violin and Strings in F Minor, Op. 8, No. 4, R. 297 ""L'inverno"" - III. Allegro.m4a"
632,"Hagen Quartett-String Quartet No. 20 in D Major, K. 499 ""Hoffmeister"" - III. Adagio (D大调第20号弦乐四重奏，作品499“霍夫迈斯特” - 第三乐章，柔板).m4a"
633,Taylor Swift - You're Not Sorry.mp3
634,Diggy Down (Radio Edit)_INNA.mp3
635,Keega - Time Runner.flac
636,Enya-May It Be.m4a
637,"Edgar Meyer-I. Vivace (Arr. for Mandolin, Cello, and Double Bass).m4a"
638,Mr. Saxobeat_Alexandra Stan.flac
639,Taylor Swift - You Belong With Me.mp3
640,Not Myself Tonight_Christina Aguilera.wav
641,Last Day Alive.mp3
642,"Rihanna,Jay-Z - Umbrella.mp3"
643,"Felix Palmqvist,Severo,The Chainsmokers - Don't Say (Felix Palmqvist & Severo Remix).mp3"
644,Arthur Rubinstein-Mazurkas - No. 44 in C Major Op. 67 No. 3 (1993 Remastered Version).m4a
645,Stupid_Tone Damli.mp3
646,Firework_Katy Perry.flac
647,"WAVES,Lavin - Back In Time.mp3"
648,Gábor Boldoczki-Trumpet Concerto in E-Flat Major - I. Allegro.m4a
649,Hoaprox - Ngẫu Hứng.mp3
650,High Maintenance_Miranda Cosgrove.mp3
651,한울 - 나예요(Inst.).mp3
652,Diana Vickers - Once.mp3
653,Sexual.mp3
654,Gill Chang - Realize.mp3
655,Remedios-Give Me Some Sunshine.m4a
656,I Need U.mp3
657,ブルーバード.mp3
658,Feraz - Chocolate Cat.mp3
659,Tobu - Higher.mp3
660,Lean On_Various Artists.mp3
661,ILLENIUM Kerli - Sound Of Walking Away.mp3
662,Special_Six60.mp3
663,3.mp3
664,Oliver Schefiner - Der Zauber Einer Vollmondnacht.flac
665,Nyte - Flicker.mp3
666,My Way.mp3
667,How Do You Do ?.mp3
668,Jared Lee - Out of Breath.mp3
669,We Will Rock You_Queen.flac
670,Novo Amor - Cold.mp3
671,AKINO (川満愛希信)-創聖のアクエリオン (创圣的大天使).m4a
672,Deadmau5 - HaxPigMeow.flac
673,Anthem Lights - Best of 2012： Payphone Call Me Maybe Wide Awake Starship We Are Young.mp3
674,Katy Perry - Part Of Me.mp3
675,Ed Sheeran - Shape of You.flac
676,Hunter_Various Artists.mp3
677,Words_Lady Gaga.mp3
678,Bad Boy.mp3
679,LoveGame_Lady Gaga.flac
680,Melody.mp3
681,Tunnel At The End Of The Light-A Silent Universe.m4a
682,"Chromak,Lilianna Wilde - Show You.mp3"
683,Nyte - Atlas.mp3
684,Dexter Britain - A Closing Statement.flac
685,Sibel - I'm Sorry.mp3
686,"idealism,jinsang - winter bokeh.mp3"
687,The One.mp3
688,Love the Way You Lie _Eminem.mp3
689,It's Not Good-Bye.mp3
690,NLSN - Tattoo on My Face.mp3
691,Kjartan Salvesen-Then Silence.mp3
692,Enya - Only Time.mp3
693,Jenny from the Block_Jennifer Lopez.ape
694,Maroon 5-Maps.mp3
695,Creatures Of The Night.mp3
696,Breath and Life.mp3
697,Endless Melancholy-We Have Met Before.m4a
698,"Whatever Will Be, Will Be (Que_Michael Feinstein.mp3"
699,Katy Perry - Teenage Dream.mp3
700,NGC 3.14 Jun Kuroda - Polaris (NGC 3.14 Remix).mp3
701,Lindequist - You.flac
702,William Black SKYLR - I Wish.mp3
703,Fade.mp3
704,Monroe Products-Sleeping Through The Rain.m4a
705,"Lost Frequencies,Janieck Devy - Reality.mp3"
706,Roberto Cacciapaglia - Figlia del cielo III.mp3
707,Fighter_Christina Aguilera.flac
708,Honest.mp3
709,Kev - Bubble Bath.mp3
710,"Sensitive,Bogdan Bondarenko - Remember (Original Mix).mp3"
711,Batte forte (subside extended rmx).mp3
712,Break Up Every Night.mp3
713,"Tyron Hapi,Mimoza - Anyway.mp3"
714,himmel - 樱华彩（off vocal）.mp3
715,"Gryffin,Katie Pearlman - Nobody Compares To You.mp3"
716,July - Somewhere.mp3
717,The Tumbled Sea - Ø.mp3
718,나오 (Nao)-시간아 멈춰라 (时间啊 停止吧).m4a
719,Bandari-Mystica.m4a
720,Vallis Alps - Fading.mp3
721,Woohoo_Christina Aguilera.wav
722,DAISHI DANCE - Re...Japanesque.flac
723,X-Ray Dog - Heartbeat of Man.flac
724,Wild Child_Brett Dennen.mp3
725,"Deadmau5,Rob Swire - Ghosts 'n' Stuff.flac"
726,savior - I can't let this go on any further.mp3
727,BEAUZ Michi - Never Over.mp3
728,Gareth Emery - Long Way Home.mp3
729,Hayley Westenra-Let Me Lie.m4a
730,R3hab Quintino - I Just Can't.mp3
731,TRUE (唐沢美帆)-Sincerely.m4a
732,International Love_Pitbull.mp3
733,As Long as You Love Me.mp3
734,매드 소울 차일드 (Mad Soul Child)-Dear (ディアー).m4a
735,AINY 爱你.mp3
736,Kelly Clarkson - Already Gone.mp3
737,Taylor Swift - Tell Me Why.mp3
738,Eden's Bridge-Be Thou My Vision.m4a
739,Jacoo - Crossing Winds (Original).mp3
740,Mr.mp3
741,Taylor Swift-Speak Now.mp3
742,Kondor - Day Dreamin’.mp3
743,See You Again_Various Artists.mp3
744,Tell Me.mp3
745,Really Slow Motion - Everdream.flac
746,Run Away With Me_Charity Vance.mp3
747,mt. marcy - lullaby.mp3
748,Lana Del Rey - Lucky Ones.flac
749,Sky High.mp3
750,We Are Never Ever Getting Back_Taylor Swift.wav
751,진달래꽃 (Club Mix) - remix.mp3
752,Rachel Crow-Mean Girls.mp3
753,"Kiiara,R3hab,David Guetta - Complicated (R3hab Remix).mp3"
754,Paparazzi_Lady Gaga.flac
755,Future Love_Kristinia DeBarge.ape
756,Kathe Skepsi Mou Esy_Kalomira.mp3
757,เจอกับตัวเองถึงรู้.mp3
758,Paris.mp3
759,secret base~君がくれたもの~_Zone.flac
760,White Lie_Jhameel.mp3
761,mol-74 - 冬の海のスーベニア.mp3
762,Poolz - You Don't Have To.mp3
763,Shontelle - T-Shirt - Main.mp3
764,Disturbia_Rihanna.ape
765,Jonas Blue;JP Cooper-Perfect Strangers.mp3
766,John Mayer - Heartbreak Warfare.mp3
767,The Day You Went Away_M2M.mp3
768,Solo Dance_Martin Jensen.mp3
769,Rameses B - Once Upon A Time.mp3
770,Bandari-Snowdreams.m4a
771,Niall Horan-This Town.mp3
772,Matisse & Sadko Hanne Mjøen - Into You.mp3
773,G.E.M. 邓紫棋-雨蝶 (Live).m4a
774,We Don't Talk Anymore (Heyder _Heyder.mp3
775,"Wilhelm Kempff-Piano Concerto No. 2 in B-Flat Major, Op. 19 - III. Rando - Molto allegro (降B大调第2号钢琴协奏曲，作品19 - 第三乐章 回旋曲 - 很快的快板).m4a"
776,BEYOND-光辉岁月 (粤语).m4a
777,Dawn of us.mp3
778,Hit or Miss_Jacob Sartorius.wav
779,HandClap.mp3
780,Casablanca.mp3
781,Linkin Park - Numb.mp3
782,Ivan Torrent - Human Legacy.flac
783,Klara Kormendi-3 Gymnopédies: 3 Gymnopedies: No. 1. Lent et douloureux.m4a
784,Ingrid Michaelson-Everybody.mp3
785,Go Time.mp3
786,My Soul.mp3
787,By Your Side.mp3
788,October - Who's Lovin' You.mp3
789,Groove Coverage-God Is a Girl.mp3
790,Second Chance_Peter Bjorn and John.mp3
791,Neon Tribe Katelyn Tarver - Planez (Neon Tribe Remix).mp3
792,Deep Chills IVIE - Run Free.mp3
793,애원(Feat Kai).mp3
794,CHERRYBLOSSOM-DIVE TO WORLD.m4a
795,Love Love Love.mp3
796,Lovey-Dovey (Japanese ver.)_T-ara.mp3
797,Snigellin - When I see the light at that Time.mp3
798,Jim Yosef - Link.mp3
799,Far Away From Home.mp3
800,상어를 사랑한 인어.mp3
801,Rameses B - Full Force.flac
802,Just Dance_Lady Gaga.ape
803,LeeAlive - 水(Original Mix).flac
804,"Maurizio Pollini-Berceuse in D-Flat Major, Op. 57 (降D大调摇篮曲，作品57).m4a"
805,Caroline Eddleman-Light My Way.mp3
806,Novo Amor - Weather.mp3
807,Aimee Blackschleger-Layers.m4a
808,There For You.mp3
809,Forgive Me_Maher Zain.mp3
810,"Rachel Porter-Kommst du nun, Jesu, vom Himmel herunter, BWV 650 (耶稣，今天你降临在地上，作品650).m4a"
811,O-Zone - Dragostea Din Tei.mp3
812,Chris Medina-What are words.mp3
813,Eric Serra-Homo Delphinus.m4a
814,Aphex Twin-Avril 14th.m4a
815,Dynamite_Various Artists.mp3
816,Wrong_Far Out.mp3
817,TheFatRat - Windfall.mp3
818,Jeff Bradetich-Csardas (arr. J. Bradetich): Czardas (arr. for double bass and piano).m4a
819,The Pancakes - How Much Will We Remember.mp3
820,Perfect Kiss_Marie Hines.mp3
821,R A I N - Nya.mp3
822,Feel Good.mp3
823,Despacito_Luis Fonsi.flac
824,Isaac Shepard - Felicity.mp3
825,Never Without You_ATB.wav
826,"The Saint Paul Chamber Orchestra-Gran Duo Concertante for Violin, Double Bass and String Orchestra (小提琴，低音琴和钢琴与弦乐队的大二重奏协奏曲（1880年）).m4a"
827,Butter-Fly.mp3
828,AniFace - Where are you.mp3
829,Danelle Sandoval Salda - Nobody.flac
830,Xwdit - The Colour Of My Dreams.flac
831,Navi - If.mp3
832,Love the Way You Lie (Part II)_Rihanna.mp3
833,Big Big World.mp3
834,ワカバ (Wakaba)-明日、僕は君に会いに行く。 (明天，我要去见你。).m4a
835,"Sugar, Honey_Eklo.mp3"
836,Rob Simonsen - Blue.mp3
837,Wonderful U_AGA.wav
838,Frank_Jiang - Twinkle.flac
839,Be What You Wanna Be.mp3
840,July - Love Theme.flac
841,CMA - Do What You Love.flac
842,Troye Sivan - Gasoline.mp3
843,MetroGnome - Ringtone (MetroGnome Remix).mp3
844,Joel Adams-Please Don't Go.mp3
845,2002-Elysian Fields.m4a
846,First Time.mp3
847,Baby One More Time.mp3
848,Philter - The Legend Of Iya.mp3
849,Taylor Swift - Fifteen.mp3
850,Embody Claire Ridgely - Lost & Found.mp3
851,R3hab Rynn - Talking to You.mp3
852,One Time.mp3
853,Chromak Lilianna Wilde - Show You.mp3
854,ProleteR - Faidherbe square (instrumental).mp3
855,Skylar Grey-I Will Return.mp3
856,The First Days Of Spring_Noah and the Whale.mp3
857,OK.mp3
858,프라이머리-마네퀸 (Mannequin).m4a
859,Engelbert Humperdinck - Nothing's Gonna Change My Love for You.mp3
860,¿Téo？ - Ascended Vibrations.mp3
861,"Colbie Caillat,Jason Mraz - Lucky (Re-Mastered Version).mp3"
862,Single Ladies (Put A Ring On I_Beyoncé.flac
863,John Legend-All Of Me.mp3
864,Jo Blankenburg - Planet Earth Forever.mp3
865,Taylor Swift - Shake It Off.mp3
866,Let Me Go.mp3
867,Adam Young - Southampton.mp3
868,Bloodstream.mp3
869,Lydia.mp3
870,Dancing King_EXO.wav
871,Matthew Lien-春漾.m4a
872,John Dreamer - Becoming a Legend.mp3
873,Just the Way You Are_Bruno Mars.flac
874,Libera-God Rest You Merry Gentlemen.m4a
875,Kiss When the Sun Don't Shine.mp3
876,Jed Wentz-Sonata in A minor HWV 374: Adagio.m4a
877,Sorrow.mp3
878,Alone.mp3
879,Kan R. Gao - Born a Stranger.flac
880,Try_Colbie Caillat.flac
881,Event Horizon - Awakening.flac
882,ゴンチチ - 1967.mp3
883,Monster_Lady Gaga.ape
884,Taylor Swift-Sparks Fly.mp3
885,La La Love On My Mind.mp3
886,"Vladimir Ashkenazy-Prelude in D Major, Op. 23, No. 4 (D大调前奏曲，作品23，第4首).m4a"
887,I Miss You.mp3
888,"Martin Garrix,Troye Sivan - There For You.flac"
889,Celtic Woman-Down by the Sally Gardens.m4a
890,Just Dance.mp3
891,Katy Perry-Roar.mp3
892,It's My Life.mp3
893,No Good to Me.mp3
894,All I See_Kylie Minogue.flac
895,Leave It All To Shine (Featuri_Victoria Justice.mp3
896,Happy Happy.mp3
897,Scream & Shout_will.i.am.flac
898,RE - 千灯引.mp3
899,I'm An Albatraoz_Various Artists.mp3
900,Ne-Yo - Because Of You - Album Version.mp3
901,Love Gun_Tess.mp3
902,daniwellP - Nyan Cat.mp3
903,"Jan Van Landeghem-Adagio, Allegro (And Adagio), K. 594.m4a"
904,Imagine Dragons - Demons.mp3
905,"AnnN,Skarr - DREAM.flac"
906,"B0untya,Ulchero - Rainbow.mp3"
907,매드 소울 차일드 (Mad Soul Child)-GET OUT.m4a
908,Wisp X - Luv Letter (Wisp X Remix).mp3
909,Mich - Somero.mp3
910,Lonely.mp3
911,Jennifer Thomas - Illumination.mp3
912,Doctor Vox - Frontier.mp3
913,"Mike Perry,Shy Martin - The Ocean (Radio Edit).mp3"
914,GONTITI (ゴンチチ)-子供の時間.m4a
915,Actium - I Need You.mp3
916,순정.mp3
917,Panda_Desiigner.mp3
918,Justin Bieber - Love Yourself.mp3
919,Take a Bow_Rihanna.flac
920,Rehab_Various Artists.mp3
921,I Really Like You_Carly Rae Jepsen.wav
922,Reboost LYE - What We Got.mp3
923,Twins-莫斯科没有眼泪.m4a
924,Holly Brook-Saturdays.mp3
925,Rich Love.mp3
926,ocha - melon.mp3
927,Girls (feat. Madcon)_Marcus & Martinus.mp3
928,What Happens In Vegas (Miami V_Various Artists.mp3
929,Vexento - Yet So Close.mp3
930,Moves Like Jagger_Maroon 5.flac
931,"János Starker-Suite for Cello Solo No. 1 in G Major, BWV. 1007 - I. Prélude (G大调第1号大提琴独奏组曲，作品1007 - 第一乐章 前奏曲).m4a"
932,Set Fire to the Rain_Adele.flac
933,Stars As Lights - Lights Frightened The Captain.mp3
934,Valentin - A Little Story.mp3
935,Rigel Theatre - Grad Erlija -Retrospektiva-.mp3
936,Goose house (グースハウス)-光るなら (若能绽放光芒) (TV Version).m4a
937,Steerner - Friends.flac
938,Red_Taylor Swift.flac
939,Timber_Pitbull.mp3
940,"Keith Harvey-Sonata for Viola and Piano in B-Flat Major, Op. 107 - III. Adagio (降B大调中提琴和钢琴奏鸣曲，作品107 - 第三乐章，柔板).m4a"
941,Jiaye - Tony Igy - Astronomia (Jiaye Bootleg).flac
942,ありがとう・・・.mp3
943,Brian Eno-Always Returning(II) (2005 Digital Remaster).m4a
944,Feel Good (Original Mix)_Syn Cole.mp3
945,Need You Now (Single Version)_Lady Antebellum.mp3
946,Kanic - Lux Aestiva.mp3
947,Shastro-Communion.m4a
948,Loreena McKennitt-All Souls Night.m4a
949,Karunesh-Moon Temple.m4a
950,Sarah Harmer - One Match.mp3
951,Sweet Dream.mp3
952,Set Me Free_Diplo.mp3
953,Stronger.mp3
954,Mariah Carey - I Stay In Love.flac
955,Prima Donna_Christina Aguilera.wav
956,Ivan Kupala - Виноград.mp3
957,Dan Gibson's Solitudes-Quiet Rain.m4a
958,Halo_Beyoncé.mp3
959,Paint The Sky Red - While We Sleepwalk.flac
960,Boys Like Girls - Two Is Better Than One (Album Version).mp3
961,karuta-一番の宝物 (最珍贵的宝物) (Original Version).m4a
962,Against the Current - Legends Never Die-2017英雄联盟全球总决赛主题曲.mp3
963,G.E.M. 邓紫棋-泡沫.m4a
964,Symphony.mp3
965,Emoji_Albert Dyrlund.mp3
966,Coda (小田和奏)-Fighting Gold.m4a
967,The truth that you leave.mp3
968,Actium - Letting Go.mp3
969,7!! (Seven Oops)-オレンジ (Orange).m4a
970,Samsara (feat. Emila) -Instrum_Tungevaag & Raaban.mp3
971,Roar_Katy Perry.flac
972,Shed a Light.mp3
973,Elyonbeats - Angel and Devil.flac
974,Friends.mp3
975,"Deadmau5,Grabbitz - Let Go.flac"
976,János Starker-Adagio (慢板).m4a
977,Tanaki Alison - Reach Higher.mp3
978,Telephone.mp3
979,Rehab (Desert Eagle Discs Voca_Amy Winehouse.mp3
980,Okey Dokey_Show Me The Money.mp3
981,Poison In The Well_Marie Hines.mp3
982,Hello Kitty (Barely Alive & Tw_Barely Alive.mp3
983,Move On (Original Mix)_Deorro.mp3
984,Waiting For Love.mp3
985,Oh Wonder - Without You.mp3
986,Fall Out Boy-Centuries.mp3
987,Jessica Lee - Twisted Games.mp3
988,George Winston - Variations on the Kanon By Pachelbel.mp3
989,Jason Mraz - The Remedy (I Won't Worry) (LP Version).mp3
990,Ellie Goulding-How Long Will I Love You.mp3
991,"Lil Wayne,Wiz Khalifa,Imagine Dragons - Sucker For Pain.flac"
992,"Katy Perry,Snoop Dogg - California Gurls.flac"
993,See-Saw-君は僕に似ている (你与我相似).m4a
994,"Right Away, Great Captain! - What A Pity.mp3"
995,The Saint Paul Chamber Orchestra-Concerto No. 2 in B Minor for Double Bass and Orchestra - I. Allegro moderato (第一乐章，中庸的快板).m4a
996,Kirten Ecke-Fantasia for Harp - I. Largo e sempre rubato e con fantasia.m4a
997,Super Star.mp3
998,Sleep Dealer - Hidden Path.mp3
999,Seve.mp3
1000,Stive Morgan - Witch Dance.mp3
1001,Electus - Nero.mp3
1002,"Luis Fonsi,Daddy Yankee,Justin Bieber - Despacito (Remix).flac"
1003,ワルキューレ (Walküre)-いけないボーダーライン (禁绝边境线).m4a
1004,Light My Body Up.mp3
1005,"Claudio Arrau-12 Etudes, Op. 10 - No. 4 in C-Sharp Minor (12首练习曲，作品10 - 第4首升C小调) (1987 Remastered Version).m4a"
1006,Right Now (Na Na Na)_Akon.mp3
1007,Yann Tiersen-Tempelhof.m4a
1008,DAISHI DANCE - if.flac
1009,Dilemma.mp3
1010,Lady Gaga - Paparazzi.mp3
1011,Lenka-Trouble Is a Friend.mp3
1012,BINGBIAN病变（prodjurrivh）.mp3
1013,Dripice - Escape.mp3
1014,Take me hand.mp3
1015,Sugar_Maroon 5.flac
1016,Ei Ei.mp3
1017,Just Hold On.mp3
1018,Kretsen - I Heart U.mp3
1019,Deadmau5 - Pets.mp3
1020,Mandisa - Dear John.mp3
1021,Something Just Like This.mp3
1022,Vulnerability_MitiS.mp3
1023,"R3hab,Krewella - Ain't That Why.flac"
1024,Ryan Farish - Legacy.mp3
1025,Fallin'_Poema.mp3
1026,brave heart.mp3
1027,Kelly Clarkson - Because Of You (1).mp3
1028,DJ Siesta - Another Day.mp3
1029,Philter - Dance Of The Fireflies.mp3
1030,"Adrian Brendel-Beethoven: Sonata for Cello and Piano No.5 in D, Op.102 No.2 - 2. Adagio con molto sentimento d'affetto.m4a"
1031,Shape of You.mp3
1032,Ryan Farish - Time Between Us.mp3
1033,Michael Jackson - Beat It (Single Version).flac
1034,Aimer (エメ)-Brave Shine.m4a
1035,Without You.mp3
1036,Just Girly Things_Dawin.mp3
1037,The Sweet Escape_Gwen Stefani.flac
1038,Echoes of Nature-Awakening of Nature.m4a
1039,Timirage - Still.mp3
1040,We Found Love_Rihanna.flac
1041,The Hampster Dance Song.mp3
1042,Multex - My Angel.mp3
1043,TheFatRat - Unity.mp3
1044,GONTITI (ゴンチチ)-放課後の音楽室 2006.m4a
1045,Wannabe_Spice Girls.flac
1046,Key Sounds Label - Bloom of Youth.flac
1047,The magic key.mp3
1048,"Rodolphe Kreutzer-Violin Concerto No. 1 in A Minor, BWV 1041: II. Andante.m4a"
1049,Idil Biret-Moderato in E Major: Feuille d'Album.m4a
1050,For You_John Nathaniel.mp3
1051,The Hum (Original Mix)_Dimitri Vegas & Like Mike.mp3
1052,City of Prague Philharmonic Orchestra - Arrival of the Birds ／ Exodus (From ＂The Crimson Wing： Mystery of the Flamingos＂).flac
1053,Circadian Eyes - Searchlights.mp3
1054,"Jean-Francois Beaudin-Flute Sonata in C Major, QV 1:9 - I. Adagio.m4a"
1055,PRXZM - Forever Young (PRXZM Cover).mp3
1056,Hung Up (Radio Version)_Madonna.mp3
1057,Watching You (Original Mix)_Alvaro.mp3
1058,Closer_Various Artists.mp3
1059,Don't Let Me Down.mp3
1060,amazarashi (アマザラシ)-空に歌えば (倘若在天空唱歌).m4a
1061,Omar Varela Melanie Martinez - Mrs Potato Head (Omar Varela Remix).mp3
1062,Gemini_What So Not.mp3
1063,소우소로우 (Sow Sorrow)-I'm Into You.m4a
1064,Trip_Axero.mp3
1065,John Mayer - Your Body Is a Wonderland.mp3
1066,다혜-t u r n.m4a
1067,Joy Williams - Sunny Day.mp3
1068,Joy Enriquez - Losin' The Love.mp3
1069,Schnappi.mp3
1070,Rhian Sheehan - La Boîte à Musique.flac
1071,Lauv-The Other.mp3
1072,J.Fla (제이플라)-화살 (Arrow) (箭).m4a
1073,Francois-Joel Thiollier-2 Arabesques: Arabesque No. 1.m4a
1074,Linkin Park - Shadow Of The Day.flac
1075,SING女团-不羡.m4a
1076,Emily Zeck - Two Cents (Ice Cream Song).mp3
1077,Pianoboy - Alone On The Way.mp3
1078,Horizon_Janji.mp3
1079,Linked Horizon-紅蓮の弓矢 (红莲的弓矢).m4a
1080,DELA - mirror.mp3
1081,Dance With You_Marcus & Martinus.mp3
1082,Here in Your Bedroom_Goldfinger.mp3
1083,Anthem Lights - Love You Like the Movies.mp3
1084,Hymn For The Weekend (Alan Wal_Alan Walker.mp3
1085,Doar Cu Tine.mp3
1086,Goldmund-Door Of Our Home.m4a
1087,Stay Here Forever_Jewel.ape
1088,DJ SLY - いのちの名前 ~ジブリ・メドレー~.mp3
1089,Arty Maty Noyes - Falling Down (Night Mix).mp3
1090,Vancouver Sleep Clinic - Flaws.mp3
1091,Dustin O'Halloran - Runner.mp3
1092,Leona Lewis - Better in Time (Single Mix).mp3
1093,Dennis Kuo - Starlight Memories.mp3
1094,Martin Jensen - All I Wanna Do.mp3
1095,Joel Quarrington-Double Bass Concertino in C Minor (version of Double Bass Concerto No. 2 for double bass and strings) - III. Finale: Allegro.m4a
1096,Remedios-My Star....m4a
1097,Green Sky_Alex Skrindo.mp3
1098,Nova.mp3
1099,"Eugene The Dream,Vine - Spongebob Remix ＂Krusty Krab＂.mp3"
1100,TFBOYS-青春修炼手册.m4a
1101,Lana Del Rey-Summertime Sadness.mp3
1102,DJ Okawari - Luv Letter.mp3
1103,String Tek.mp3
1104,Tales of Tomorrow_Dimitri Vegas & Like Mike.mp3
1105,Time_MKJ.mp3
1106,Martin Ermen - River Flows In You.mp3
1107,Hampton the Hampster - The Hampster Dance Song.mp3
1108,Deadmau5 - Overdraft (Original Mix).flac
1109,A Little Story.mp3
1110,Victory.mp3
1111,WAVES Lavin - Back In Time.mp3
1112,Legends Never Die_League of Legends.wav
1113,"November Was White, November W_Say Hi.mp3"
1114,gravityWall_澤野弘之.mp3
1115,Justin Bryte - One Last Time.mp3
1116,Painless Destiny - Lost control.mp3
1117,Gérard Darmon - And The Winner Is.mp3
1118,Look To Me_Azure Ray.mp3
1119,"Mstislav Rostropovich-Sonata for Cello and Piano No. 1 in E Minor, Op. 38 - I. Allegro non troppo (E小调第1号大提琴与钢琴奏鸣曲，作品38 - 第一乐章 不太快的快板).m4a"
1120,Toca Toca (Radio Edit)_Various Artists.mp3
1121,DJ Okawari - Luv Letter (1).mp3
1122,Perfect Strangers_Jonas Blue.mp3
1123,Monody (Radio Edit).mp3
1124,AGA-Wonderful U.mp3
1125,"Clare,Tino.S3 - Magic Friend.flac"
1126,바꿔.mp3
1127,"John Mayer,Taylor Swift - Half of My Heart.mp3"
1128,This Girl (Kungs Vs Cookin' On 3 Burners).mp3
1129,Rameses B - Earth Calls.flac
1130,Eastblock Bitches - Don't Speak.mp3
1131,"Convex,Kaizen,Shinigami - Bloom (CONVEX Remix).mp3"
1132,Space - Just Blue.mp3
1133,Joseph Ti - Into the Deep.mp3
1134,Llewellyn-Gentle Breeze.m4a
1135,Jessie J-Domino (Live).m4a
1136,Paradise Fears-Stereo Hearts.mp3
1137,ヘクとパスカル - fish in the pool ・花屋敷.mp3
1138,Feel Good_Gryffin.mp3
1139,Lush & Simon IZII - Somebody.mp3
1140,"Arturo Sacchetti-Wolfgang Amadeus Mozart : Fuge G moll, KV 401.m4a"
1141,Darin-B What U Wanna B.mp3
1142,Xwdit - 梦雨.flac
1143,One More Weekend_Audien.mp3
1144,수란 (SURAN)-I Feel (我感觉).m4a
1145,My Type.mp3
1146,Gerald Peregrine - Black Orpheus.mp3
1147,Dexter Britain - Do What You Are Doing.mp3
1148,Electus - Peace Of Mind.mp3
1149,Yael Meyer - When You Hold Me Tight.mp3
1150,I Choose Now_Anthony Evans.mp3
1151,S&M_Rihanna.ape
1152,"G-Eazy,Charlie Puth - Sober.mp3"
1153,Deadmau5 - Pets.flac
1154,"Martin Garrix,David Guetta,Jamie Scott - So Far Away.flac"
1155,GRANRODEO (グランロデオ)-Punky Funky Love (TV Version).m4a
1156,The Band Perry-If I Die Young.mp3
1157,Roberto Cacciapaglia - Wild Side.flac
1158,"Christopher Hogwood-Nulla in mundo pax, R.630 - 1. Nulla in mundo pax [Larghetto].m4a"
1159,"Selena Gomez,Marshmello - Wolves.flac"
1160,Electus - Temple of Light.mp3
1161,가장 슬픈 말.mp3
1162,"DAISHI DANCE,Cecile Corbel - Take me hand.flac"
1163,Lightscape - Escape This Moment.mp3
1164,Guido Negraszus - Sunset Avenue.mp3
1165,Rameses B - Full Force.mp3
1166,Phil Coulter - In Loving Memory.mp3
1167,Guido Negraszus - Sailing Forever.mp3
1168,シナリオアート (Scenarioart)-サヨナラムーンタウン (再见月亮镇).m4a
1169,jinsang - summer's day [version 2].mp3
1170,Mike Perry Tessa - Stay Young.mp3
1171,Shadows_Janji.mp3
1172,Thinking About You_Hardwell.mp3
1173,Get Lucky_Daft Punk.wav
1174,사랑이 그렇게 쉬워.mp3
1175,"David Guetta,Justin Bieber - 2U.flac"
1176,Claux - 水之畔 (Instrumental).flac
1177,"Iron & Wine - Flightless Bird, American Mouth.mp3"
1178,Betsy Blue Yves V Matthew Hill - Stay.mp3
1179,"Sia,Sean Paul - Cheap Thrills.mp3"
1180,외톨이야.mp3
1181,Gill Chang Aviella Winder - What You Do.mp3
1182,그 남자의 거짓말.mp3
1183,Rob Simonsen - Red.mp3
1184,Rigel Theatre - SPÏKA.mp3
1185,Deorro - Five Hours.flac
1186,Fumio-Aids Aid.m4a
1187,Taylor Swift - Back To December.mp3
1188,Galileo Galilei (ガリレオ・ガリレイ)-青い栞 (蓝书签).m4a
1189,Lobo - I'd Love You To Want Me.mp3
1190,Heinz Holliger-Marcello: Oboe Concerto In D Minor - 2. Adagio.m4a
1191,MKJ - Time.mp3
1192,シド (SID)-レイン (雨).m4a
1193,Linked Horizon-暁の鎮魂歌 (拂晓的镇魂歌) (TV Size).m4a
1194,"Shakira,Freshlyground - Waka Waka (This Time for Africa).mp3"
1195,Rameses B - Purple Skies (Original Mix) - Original Mix.mp3
1196,Tell Me Who You Are.mp3
1197,On the Floor_Various Artists.mp3
1198,Aash Mehta Aviella - Hold onto Me.mp3
1199,Gary Karr-Concerto for Double Bass and Orchestra: II. Andante.m4a
1200,Call On Me.mp3
1201,If I Were A Boy_Beyoncé.flac
1202,See The Loco_Blue Eyelids.mp3
1203,Mike Strickland-I'm Home.m4a
1204,Faded.mp3
1205,Air-Alone In Kyoto.m4a
1206,High and Low.mp3
1207,John H. Clarke - Aurora Borealis.flac
1208,Sarah Ainsworth-Liszt: Consolation No. 3 in D Flat Major.m4a
1209,Para Para Sakura.mp3
1210,Sky (Radio Edit).mp3
1211,Taylor Swift - Mine.mp3
1212,Panama_Matteo.wav
1213,Lainey Lou-Oceanside.mp3
1214,"Nicanor Zabaleta-Handel: Organ Concerto No.6 in B flat, Op.4 No.6 HWV 294 - 3. Allegro moderato (Version for harp).m4a"
1215,Uptown Funk.mp3
1216,Demons_Imagine Dragons.flac
1217,Michal Novenko-Musical Flowers. Messa In Festis duplicibus: XXI. Canzona quarti toni dopo il Postcommunio.m4a
1218,Never Say Goodbye.mp3
1219,Echoes of Nature-Path.m4a
1220,West Coast Massive Cappa - Paper Stars.mp3
1221,Let Me Love You_DJ Snake.wav
1222,Lenka - The Show.mp3
1223,Beat It.mp3
1224,Sarah Harmer-One Match.mp3
1225,Flower Dance.mp3
1226,Loreena McKennitt-Cymbeline.m4a
1227,Disco Inferno_50 Cent.flac
1228,"Martha Argerich-Kinderszenen, Op. 15: 12. Kind im Einschlummern.m4a"
1229,July - 영혼의 노래.mp3
1230,We R Who We R_Kesha.ape
1231,Carly Rae Jepsen - Call Me Maybe.mp3
1232,Skylar Grey-Love the Way You Lie.mp3
1233,Sarah Brightman-月光女神.m4a
1234,Delirious (Boneless) -Chris Lo_Steve Aoki.mp3
1235,Deadmau5 - Strobe (Club Edit).flac
1236,Colors of the Land-Dancing in the Moonlight.m4a
1237,DEPAPEPE - 風見鶏.mp3
1238,Kozoro - Autumn (Original Mix).mp3
1239,Omar Akram - Run Away With Me.mp3
1240,Irreplaceable_Beyoncé.flac
1241,Dirk Reichardt - Like A River.flac
1242,Eric Serra-Do You Like This Place.m4a
1243,K-391 - Summertime.mp3
1244,God Is a Girl_Groove Coverage.flac
1245,We Will Rock You.mp3
1246,"Leslie Parnas-Cello Sonata No. 2 in D Major, Op. 58, MWV Q32 - III. Adagio - IV. Molto allegro e vivace.m4a"
1247,Vertial - Sky.mp3
1248,Summertime Sadness (Basic Tape_Basic Tape.mp3
1249,too young_Queensberry.mp3
1250,미키 (miki)-Once Upon A Dream In Winter.m4a
1251,Go go yellow screen - Radio Edit.mp3
1252,Deadmau5 - Aural Psynapse.flac
1253,Worakls - Bleu (Original Mix) - remix.mp3
1254,We Don't Talk Anymore_Various Artists.wav
1255,X.mp3
1256,Lemon.mp3
1257,Painless Destiny - Without You I Am Dying.mp3
1258,London Philharmonic Orchestra-Morning (Peer Gynt) (早晨（培尔金特）).m4a
1259,Stories - Far Away.flac
1260,"Kozoro,Evence - Dreaming.mp3"
1261,Owl City;Breanne Düren-The Saltwater Room (Original Version).mp3
1262,All My Love.mp3
1263,K-391 - Solstice.mp3
1264,Truong Quynh Anh - Don Coi (Instrumental).mp3
1265,Andrew Jasinski - Your Eyes.mp3
1266,EGOIST (エゴイスト)-エウテルペ (欧忒耳佩).m4a
1267,Do It Well_Jennifer Lopez.mp3
1268,Holding_Rachel Stevener.mp3
1269,Baby.mp3
1270,Guido Negraszus - Across the Mountains.mp3
1271,Moonlight Shadow.mp3
1272,Thomas Prime - Sky High.mp3
1273,Jacoo - Stars of Malek (Original).mp3
1274,Helios-Velius.m4a
1275,Aimer (エメ)-ninelie.m4a
1276,Madilyn Bailey-Titanium.mp3
1277,We No Speak Americano(UK Radio_Yolanda Be Cool.mp3
1278,Deuter-Sound of Invisible Waters.m4a
1279,Not Exactly (Trick & Kubic Rem_deadmau5.mp3
1280,Josh Vietti - A Thousand Miles.flac
1281,Michael Learns To Rock - Call On Love.mp3
1282,No Future_Shaun Frank.mp3
1283,SawanoHiroyuki[nZk] (泽野弘之)-gravityWall.m4a
1284,Loves Me Not.mp3
1285,Stand.mp3
1286,Remember The Name.mp3
1287,Hung Up_Madonna.mp3
1288,It Ain't Me.mp3
1289,Linkin Park - Waiting For The End.mp3
1290,Dirk Reichardt - Weekend.flac
1291,Justin Bieber - One Time.mp3
1292,Tiger谭秋娟-小岛.m4a
1293,Victoria Acosta - Could This Be Love.mp3
1294,"Gaby Casadesus-Six épigraphes Antiques - I Pour invoquer Pan, dieu du vent d'ete.m4a"
1295,"Triarchy,The Chainsmokers,Jhene Aiko - Wake Up Alone (Triarchy Remix).mp3"
1296,Said The Sky - listen.mp3
1297,Taylor Swift - Blank Space.mp3
1298,She Makes Me Wanna_JLS.mp3
1299,I Follow Rivers_Lykke Li.mp3
1300,Can You Feel My World.mp3
1301,"Kodály Quartet-String Quartet No. 40 in F Major, Op. 50, No. 5, Hob.III:48, ""Ein Traum"" (The Dream) - II. Poco adagio.m4a"
1302,Lindequist - Serenity.mp3
1303,Aimer (エメ)-Ref:rain.m4a
1304,Josh Vietti - Where Is the Love.flac
1305,Would You Ever.mp3
1306,Say Less.mp3
1307,Never Say Never.mp3
1308,Bad Romance.mp3
1309,Jumpshot_Dawin.wav
1310,Sweet Dreams_Beyoncé.flac
1311,Salvatore Accardo-Violin Concerto No. 3 in E Major - III. Polacca - Andantino Vivace (E大调第3号小提琴协奏曲 - 第三乐章 波拉卡 - 活跃的小行板).m4a
1312,HIDDN Beatrich - Find You.mp3
1313,Fridrik Karlsson-Sea Shore.m4a
1314,Christina Perri - A Thousand Years.mp3
1315,Get Ugly_Jason DeRulo.mp3
1316,Emily Vaughn - Over That.mp3
1317,Don't Say.mp3
1318,Feels Great.mp3
1319,오나라Ⅱ.mp3
1320,Coldplay - Midnight.flac
1321,What Makes You Beautiful_Various Artists.flac
1322,Celebration.mp3
1323,Intro.mp3
1324,Chloe Agnew-Walking In The Air.m4a
1325,CMA - Goodbye.mp3
1326,SummerThing_Afrojack.mp3
1327,Trouble Is A Friend.mp3
1328,No Limit.mp3
1329,Dexter Britain - Nothing To Fear.flac
1330,Celtic Woman-Walking In The Air.m4a
1331,Owl City - Fireflies.mp3
1332,Daniel Powter-Free Loop.mp3
1333,"Crossnaders,Karra,Breathe Carolina - Vanish.flac"
1334,Gimme That (Remix)_Chris Brown.mp3
1335,Lenka - Don't Let Me Fall.mp3
1336,Illuminate_The Kite String Tangle.mp3
1337,That Ghost_Megan & Liz.mp3
1338,DJ Snake;Justin Bieber-Let Me Love You.mp3
1339,AniFace - Last Reincarnation.mp3
1340,Ein kleines Lied (Around The World).mp3
1341,Closer.mp3
1342,Now Or Never (Cutmore radio mi_Jodie Connor.mp3
1343,Mokoa - Sitting Next To You.mp3
1344,Where The Hood At_DMX.flac
1345,What Makes You Beautiful_One Direction.flac
1346,"Radar Detector,Skrillex - Scary Monsters And Nice Sprites (Radar Detector Remix).mp3"
1347,Clinton Ngan - Eternal Hope.mp3
1348,"Culture Code,Karra - Make Me Move.mp3"
1349,Matt Beilis - We've Been Here Before.mp3
1350,Mich - Skyland.mp3
1351,Payphone_Various Artists.mp3
1352,Charlie Puth-Look At Me Now.mp3
1353,The Cover-Up_Janet Leon.mp3
1354,Christmas In My Heart - Album Version.mp3
1355,Fabrizio Paterlini - Nuovi orizzonti.mp3
1356,EnV - PneumaticTokyo.mp3
1357,Oh!.mp3
1358,Wild Wild Web.mp3
1359,Robert de Boron - Chiru (Saisei no Uta).mp3
1360,"Matthew Owens-Ich Ruf Zu Dir, Herr Jesu Christ.m4a"
1361,WU HA.mp3
1362,Ludovico Einaudi - Experience.mp3
1363,"Joseph Berger-Studies in the Form of Canons for Organ, Op. 56 - II. Mit innigem Ausdruck (第二乐章 表情深切的).m4a"
1364,DELA - Sky Ring.mp3
1365,Helios-A Mountain Of Ice.m4a
1366,"Jean-Francois Beaudin-Trio Sonata in D Major for two transverse flutes and basso continuo, QV 2:15 - III. Largo.m4a"
1367,Ne-Yo - Sexy Love.mp3
1368,"Idil Biret-Nocturne No. 2 in E-Flat Major, Op. 9, No. 2 (降E大调第2号夜曲，作品9第2首).m4a"
1369,Floorfiller.mp3
1370,Mother's Love-Revitalise.m4a
1371,Nicki Minaj;Skylar Grey-Bed of Lies.mp3
1372,Gucci Louis - sleeping bag.mp3
1373,Worezh - Canyon.flac
1374,Sean Kingston - Fire Burning.mp3
1375,Katy Chamber Chorus-Very Old Friends.m4a
1376,Pink Champagne_Nick Lopez.mp3
1377,Tik Tok_Kesha.mp3
1378,"SORRY, SORRY.mp3"
1379,Bandari-Endless Horizon.m4a
1380,Mike Strickland - Time.mp3
1381,Libera-Sing For Ever.m4a
1382,Academy of St. Martin in the Fields-Pergolesi: Flute Concerto No.2 In D Major - 2. Allegro.m4a
1383,Frida Amundsen-Someone Make Me Cry.mp3
1384,All Rise.mp3
1385,"Neon Tribe,Katelyn Tarver - Planez (Neon Tribe Remix).flac"
1386,Eleni Karaindrou-By the Sea.m4a
1387,Maroon 5 - Maps.flac
1388,Navarra - Back To Life.mp3
1389,Hey You There _Soulja Boy.mp3
1390,"gnash,Olivia O'Brien - i hate u i love u.mp3"
1391,China Girl_David Bowie.mp3
1392,"In Love With A Ghost - we've never met but, can we have a coffee or something.mp3"
1393,Xenogenesis_TheFatRat.wav
1394,Dragostea Din Tei (Original Romanian Version).mp3
1395,Nomak - Moon Flow.mp3
1396,Through My Father's Eyes_Holly Starr.mp3
1397,Martin Mittone - Mysterious.flac
1398,i☆Ris-Re:Call.m4a
1399,The Phoenix.mp3
1400,MuTe-Forest Walk.m4a
1401,"Hélène Grimaud-7 Fantasias, Op. 116 - 4. Intermezzo in E Major (7首幻想曲，作品116 - 第4首 E大调间奏曲).m4a"
1402,Five Hundred Miles.mp3
1403,"Martha Argerich-Kinderszenen (Scenes from Childhood), Op.15: 13. Der Dichter spricht (The Poet Speaks).m4a"
1404,Multex - Hide.flac
1405,We Won't Be Alone_Feint.wav
1406,Karunesh-Zen Breakfast.m4a
1407,Know No Better.mp3
1408,Electus - Asgard.mp3
1409,Love Sex Goddess_Danielle Delaite.mp3
1410,Deadmau5 - Sofi Needs a Ladder.flac
1411,Chris Brown - With You.mp3
1412,Ivan Torrent - Before I Leave This World.mp3
1413,PLANET.mp3
1414,Deadmau5 - Cat Thruster.flac
1415,Got It_Marian Hill.mp3
1416,Skylar Grey-Back from the Dead.mp3
1417,R7CKY - 盛夏光年.flac
1418,LiSA (織部里沙)-ADAMAS.m4a
1419,InfiniteMusic - TrackLab - Basecap (Original Mix).mp3
1420,Black black heart.mp3
1421,Michael Bublé - Everything.mp3
1422,Fool's Garden-Lemon Tree.mp3
1423,Sexual Healing.mp3
1424,Sisam-大陆之巅.m4a
1425,Otokaze - Save the flavor Part3 -Insturmental version-.mp3
1426,アイロニ -New arrange-_まじ娘.mp3
1427,"SHY,The Chainsmokers - ALL WE KNOW.mp3"
1428,"Deep Chills,IVIE - Run Free.mp3"
1429,Rameses B - Moonlight.flac
1430,Deep Down Low_Various Artists.mp3
1431,"Omar Varela,Melanie Martinez - Mrs Potato Head (Omar Varela Remix).mp3"
1432,Die Another Day_Madonna.flac
1433,Rameses B - Night Sky.mp3
1434,Hans Zimmer - Time.flac
1435,Human Sacrifice.mp3
1436,Sunlight Project - Brighter Days (Original Mix).mp3
1437,Close to You(feat. Jasmine Sok_Lucian.mp3
1438,Shane Filan - Beautiful In White (Demo).mp3
1439,Stargazing.mp3
1440,"Joel Fletcher,Bianca - Smooth Operator.mp3"
1441,Sun.mp3
1442,Colbie Caillat-Try.mp3
1443,Highscore.mp3
1444,FEWZ - FEWZ - Levitate.mp3
1445,Victory_Two Steps From Hell.wav
1446,I MISS YOU.mp3
1447,i5cream - Last Melodies (Original Mix).mp3
1448,Head Above Water.mp3
1449,Relient K - There Was No Thief.mp3
1450,Light.mp3
1451,If You Feel My Love (Chaow MIX_Blaxy Girls.flac
1452,Came Here For Love.mp3
1453,Deadmau5 - Some Chords.flac
1454,Highscore_Panda Eyes.mp3
1455,Dan Gibson's Solitudes-Dancing in the Rain.m4a
1456,PETIT BISCUIT - Once Again.mp3
1457,Dark Side_Phoebe Ryan.wav
1458,Chloe Agnew-To Where You Are.m4a
1459,FinD Me.mp3
1460,Gill Chang Aviella - Real Life.mp3
1461,Miriam Bryant - Last Soul on Earth.flac
1462,GALA-追梦赤子心.m4a
1463,Take My Breath Away.mp3
1464,シド (SID)-乱舞のメロディ (乱舞的旋律).m4a
1465,Deadmau5 - Three Pound Chicken Wing.flac
1466,Panta.Q-对不起 (Live).m4a
1467,John O'Donnell-Air in B-Flat Major HWV. 470.m4a
1468,"Sam Feldt,Olivia Sebastianelli - Wishing Well.flac"
1469,Final Song_Various Artists.mp3
1470,Denean - Vow to Virtue.mp3
1471,Goldmund - Dane Street.mp3
1472,Taylor Swift - Teardrops On My Guitar - US Album Version.mp3
1473,Goldmund - The Wind Sings.mp3
1474,Taylor Thrash-Slippin.mp3
1475,Sunburst.mp3
1476,눈물.mp3
1477,It's Ok.mp3
1478,Matt Cab-Listen To The Rain.mp3
1479,BUMP OF CHICKEN (バンプ・オブ・チキン)-アンサー (答案).m4a
1480,"Tobu,Itro - Sunburst.mp3"
1481,Vexento-Yesterday On Repeat.m4a
1482,Like It or Not_Madonna.flac
1483,Lindsey Ray-Better Off.mp3
1484,Shooting Stars.mp3
1485,"JiaoYanpears,3_key - Betray（JiaoYanpears Remix）.flac"
1486,Jeremy Lim - Know You (Voices Remix) [feat. Serena Sun].flac
1487,No Problem_deadmau5.mp3
1488,Jessie J-Bang Bang + 龙拳 (Live).m4a
1489,The Wanted-Glad You Came.mp3
1490,Pierre Hantai-I. Allemande.m4a
1491,re：plus - Everlasting Truth.flac
1492,"Justin Bieber,BloodPop - Friends.flac"
1493,Flo Rida-Whistle.mp3
1494,Jannik - Touch the Rain.flac
1495,Booty Music.mp3
1496,Wolfgang Harrer-Melody in E minor for Double-bass and Orchestra.m4a
1497,THE ORAL CIGARETTES-狂乱 Hey Kids!!.m4a
1498,One For Da Money - Album.mp3
1499,"HOPE-T,接个吻，开一枪 - 锦里.flac"
